[
{
    "model": "auth.permission",
    "pk": 1,
    "fields": {
        "name": "Can add permission",
        "content_type": 1,
        "codename": "add_permission"
    }
},
{
    "model": "auth.permission",
    "pk": 2,
    "fields": {
        "name": "Can change permission",
        "content_type": 1,
        "codename": "change_permission"
    }
},
{
    "model": "auth.permission",
    "pk": 3,
    "fields": {
        "name": "Can delete permission",
        "content_type": 1,
        "codename": "delete_permission"
    }
},
{
    "model": "auth.permission",
    "pk": 4,
    "fields": {
        "name": "Can view permission",
        "content_type": 1,
        "codename": "view_permission"
    }
},
{
    "model": "auth.permission",
    "pk": 5,
    "fields": {
        "name": "Can add group",
        "content_type": 2,
        "codename": "add_group"
    }
},
{
    "model": "auth.permission",
    "pk": 6,
    "fields": {
        "name": "Can change group",
        "content_type": 2,
        "codename": "change_group"
    }
},
{
    "model": "auth.permission",
    "pk": 7,
    "fields": {
        "name": "Can delete group",
        "content_type": 2,
        "codename": "delete_group"
    }
},
{
    "model": "auth.permission",
    "pk": 8,
    "fields": {
        "name": "Can view group",
        "content_type": 2,
        "codename": "view_group"
    }
},
{
    "model": "auth.permission",
    "pk": 9,
    "fields": {
        "name": "Can add content type",
        "content_type": 3,
        "codename": "add_contenttype"
    }
},
{
    "model": "auth.permission",
    "pk": 10,
    "fields": {
        "name": "Can change content type",
        "content_type": 3,
        "codename": "change_contenttype"
    }
},
{
    "model": "auth.permission",
    "pk": 11,
    "fields": {
        "name": "Can delete content type",
        "content_type": 3,
        "codename": "delete_contenttype"
    }
},
{
    "model": "auth.permission",
    "pk": 12,
    "fields": {
        "name": "Can view content type",
        "content_type": 3,
        "codename": "view_contenttype"
    }
},
{
    "model": "auth.permission",
    "pk": 13,
    "fields": {
        "name": "Can add session",
        "content_type": 4,
        "codename": "add_session"
    }
},
{
    "model": "auth.permission",
    "pk": 14,
    "fields": {
        "name": "Can change session",
        "content_type": 4,
        "codename": "change_session"
    }
},
{
    "model": "auth.permission",
    "pk": 15,
    "fields": {
        "name": "Can delete session",
        "content_type": 4,
        "codename": "delete_session"
    }
},
{
    "model": "auth.permission",
    "pk": 16,
    "fields": {
        "name": "Can view session",
        "content_type": 4,
        "codename": "view_session"
    }
},
{
    "model": "auth.permission",
    "pk": 17,
    "fields": {
        "name": "Can add user",
        "content_type": 5,
        "codename": "add_user"
    }
},
{
    "model": "auth.permission",
    "pk": 18,
    "fields": {
        "name": "Can change user",
        "content_type": 5,
        "codename": "change_user"
    }
},
{
    "model": "auth.permission",
    "pk": 19,
    "fields": {
        "name": "Can delete user",
        "content_type": 5,
        "codename": "delete_user"
    }
},
{
    "model": "auth.permission",
    "pk": 20,
    "fields": {
        "name": "Can view user",
        "content_type": 5,
        "codename": "view_user"
    }
},
{
    "model": "auth.permission",
    "pk": 21,
    "fields": {
        "name": "Can add log entry",
        "content_type": 6,
        "codename": "add_logentry"
    }
},
{
    "model": "auth.permission",
    "pk": 22,
    "fields": {
        "name": "Can change log entry",
        "content_type": 6,
        "codename": "change_logentry"
    }
},
{
    "model": "auth.permission",
    "pk": 23,
    "fields": {
        "name": "Can delete log entry",
        "content_type": 6,
        "codename": "delete_logentry"
    }
},
{
    "model": "auth.permission",
    "pk": 24,
    "fields": {
        "name": "Can view log entry",
        "content_type": 6,
        "codename": "view_logentry"
    }
},
{
    "model": "auth.permission",
    "pk": 25,
    "fields": {
        "name": "Can add پست",
        "content_type": 7,
        "codename": "add_post"
    }
},
{
    "model": "auth.permission",
    "pk": 26,
    "fields": {
        "name": "Can change پست",
        "content_type": 7,
        "codename": "change_post"
    }
},
{
    "model": "auth.permission",
    "pk": 27,
    "fields": {
        "name": "Can delete پست",
        "content_type": 7,
        "codename": "delete_post"
    }
},
{
    "model": "auth.permission",
    "pk": 28,
    "fields": {
        "name": "Can view پست",
        "content_type": 7,
        "codename": "view_post"
    }
},
{
    "model": "auth.permission",
    "pk": 29,
    "fields": {
        "name": "Can add tag",
        "content_type": 8,
        "codename": "add_tag"
    }
},
{
    "model": "auth.permission",
    "pk": 30,
    "fields": {
        "name": "Can change tag",
        "content_type": 8,
        "codename": "change_tag"
    }
},
{
    "model": "auth.permission",
    "pk": 31,
    "fields": {
        "name": "Can delete tag",
        "content_type": 8,
        "codename": "delete_tag"
    }
},
{
    "model": "auth.permission",
    "pk": 32,
    "fields": {
        "name": "Can view tag",
        "content_type": 8,
        "codename": "view_tag"
    }
},
{
    "model": "auth.permission",
    "pk": 33,
    "fields": {
        "name": "Can add tagged item",
        "content_type": 9,
        "codename": "add_taggeditem"
    }
},
{
    "model": "auth.permission",
    "pk": 34,
    "fields": {
        "name": "Can change tagged item",
        "content_type": 9,
        "codename": "change_taggeditem"
    }
},
{
    "model": "auth.permission",
    "pk": 35,
    "fields": {
        "name": "Can delete tagged item",
        "content_type": 9,
        "codename": "delete_taggeditem"
    }
},
{
    "model": "auth.permission",
    "pk": 36,
    "fields": {
        "name": "Can view tagged item",
        "content_type": 9,
        "codename": "view_taggeditem"
    }
},
{
    "model": "auth.permission",
    "pk": 37,
    "fields": {
        "name": "Can add contact",
        "content_type": 10,
        "codename": "add_contact"
    }
},
{
    "model": "auth.permission",
    "pk": 38,
    "fields": {
        "name": "Can change contact",
        "content_type": 10,
        "codename": "change_contact"
    }
},
{
    "model": "auth.permission",
    "pk": 39,
    "fields": {
        "name": "Can delete contact",
        "content_type": 10,
        "codename": "delete_contact"
    }
},
{
    "model": "auth.permission",
    "pk": 40,
    "fields": {
        "name": "Can view contact",
        "content_type": 10,
        "codename": "view_contact"
    }
},
{
    "model": "auth.permission",
    "pk": 41,
    "fields": {
        "name": "Can add source",
        "content_type": 11,
        "codename": "add_source"
    }
},
{
    "model": "auth.permission",
    "pk": 42,
    "fields": {
        "name": "Can change source",
        "content_type": 11,
        "codename": "change_source"
    }
},
{
    "model": "auth.permission",
    "pk": 43,
    "fields": {
        "name": "Can delete source",
        "content_type": 11,
        "codename": "delete_source"
    }
},
{
    "model": "auth.permission",
    "pk": 44,
    "fields": {
        "name": "Can view source",
        "content_type": 11,
        "codename": "view_source"
    }
},
{
    "model": "auth.permission",
    "pk": 45,
    "fields": {
        "name": "Can add thumbnail",
        "content_type": 12,
        "codename": "add_thumbnail"
    }
},
{
    "model": "auth.permission",
    "pk": 46,
    "fields": {
        "name": "Can change thumbnail",
        "content_type": 12,
        "codename": "change_thumbnail"
    }
},
{
    "model": "auth.permission",
    "pk": 47,
    "fields": {
        "name": "Can delete thumbnail",
        "content_type": 12,
        "codename": "delete_thumbnail"
    }
},
{
    "model": "auth.permission",
    "pk": 48,
    "fields": {
        "name": "Can view thumbnail",
        "content_type": 12,
        "codename": "view_thumbnail"
    }
},
{
    "model": "auth.permission",
    "pk": 49,
    "fields": {
        "name": "Can add thumbnail dimensions",
        "content_type": 13,
        "codename": "add_thumbnaildimensions"
    }
},
{
    "model": "auth.permission",
    "pk": 50,
    "fields": {
        "name": "Can change thumbnail dimensions",
        "content_type": 13,
        "codename": "change_thumbnaildimensions"
    }
},
{
    "model": "auth.permission",
    "pk": 51,
    "fields": {
        "name": "Can delete thumbnail dimensions",
        "content_type": 13,
        "codename": "delete_thumbnaildimensions"
    }
},
{
    "model": "auth.permission",
    "pk": 52,
    "fields": {
        "name": "Can view thumbnail dimensions",
        "content_type": 13,
        "codename": "view_thumbnaildimensions"
    }
},
{
    "model": "contenttypes.contenttype",
    "pk": 1,
    "fields": {
        "app_label": "auth",
        "model": "permission"
    }
},
{
    "model": "contenttypes.contenttype",
    "pk": 2,
    "fields": {
        "app_label": "auth",
        "model": "group"
    }
},
{
    "model": "contenttypes.contenttype",
    "pk": 3,
    "fields": {
        "app_label": "contenttypes",
        "model": "contenttype"
    }
},
{
    "model": "contenttypes.contenttype",
    "pk": 4,
    "fields": {
        "app_label": "sessions",
        "model": "session"
    }
},
{
    "model": "contenttypes.contenttype",
    "pk": 5,
    "fields": {
        "app_label": "social",
        "model": "user"
    }
},
{
    "model": "contenttypes.contenttype",
    "pk": 6,
    "fields": {
        "app_label": "admin",
        "model": "logentry"
    }
},
{
    "model": "contenttypes.contenttype",
    "pk": 7,
    "fields": {
        "app_label": "social",
        "model": "post"
    }
},
{
    "model": "contenttypes.contenttype",
    "pk": 8,
    "fields": {
        "app_label": "taggit",
        "model": "tag"
    }
},
{
    "model": "contenttypes.contenttype",
    "pk": 9,
    "fields": {
        "app_label": "taggit",
        "model": "taggeditem"
    }
},
{
    "model": "contenttypes.contenttype",
    "pk": 10,
    "fields": {
        "app_label": "social",
        "model": "contact"
    }
},
{
    "model": "contenttypes.contenttype",
    "pk": 11,
    "fields": {
        "app_label": "easy_thumbnails",
        "model": "source"
    }
},
{
    "model": "contenttypes.contenttype",
    "pk": 12,
    "fields": {
        "app_label": "easy_thumbnails",
        "model": "thumbnail"
    }
},
{
    "model": "contenttypes.contenttype",
    "pk": 13,
    "fields": {
        "app_label": "easy_thumbnails",
        "model": "thumbnaildimensions"
    }
},
{
    "model": "sessions.session",
    "pk": "7niqeror8exy3x9392fodwgopl1r3evk",
    "fields": {
        "session_data": ".eJxVjEmOwjAURO_iNR15jt1L9pzB-lMIg2IUB4GEuDuJxIZa1qtXL1Vu0NqjzlxmabKUpV5kUv-Kpucx9H9ok8lGi_cREgYIFpACYd97qw1mtVMF7stY7k3mcuLVNL8dAq2PG-AzTMfaUZ2W-YTdNum-tHWHynLdf7c_ByO0cbMHjca5mBGGSGxC9slT4ozOBcMSGMhGtyYic9YuWemDHhzpbMVZ9f4Ap0tMKQ:1u5Pnd:ZpWTtgyLSQuzpM1e9bUqFI8OtvEVJXwqtd_QkiQwAxc",
        "expire_date": "2025-05-01T14:01:05.110Z"
    }
},
{
    "model": "sessions.session",
    "pk": "8tv3o45dfjki9y5yvnvyzx50kb145jmw",
    "fields": {
        "session_data": ".eJxVjEmOwjAURO_iNR15jt1L9pzB-lMIg2IUB4GEuDuJxIZa1qtXL1Vu0NqjzlxmabKUpV5kUv-Kpucx9H9ok8lGi_cREgYIFpACYd97qw1mtVMF7stY7k3mcuLVNL8dAq2PG-AzTMfaUZ2W-YTdNum-tHWHynLdf7c_ByO0cbMHjca5mBGGSGxC9slT4ozOBcMSGMhGtyYic9YuWemDHhzpbMVZ9f4Ap0tMKQ:1u2juu:phKo8MhqN7elHyaDzWtMOiLH-OaZv4cwnNSeYEsAFIU",
        "expire_date": "2025-04-24T04:53:32.984Z"
    }
},
{
    "model": "sessions.session",
    "pk": "cfsts8zr6w591ynxzjg9tk00fautpz00",
    "fields": {
        "session_data": ".eJxVjEEOwiAURO_C2hDgFwSX7nsGAv-DVA0kpV0Z764kXegs572ZF_Nh34rfe1r9QuzCJDv9djHgI9UB6B7qrXFsdVuXyIfCD9r53Cg9r4f7d1BCL2OdRZQAxsWQDZLUbrITWnIRQEtKmgIqA9-YSOQEWJXOWmRA4VQCxd4f6KA3nA:1u3WYL:R-tilUjyd-XLk1Rh5X096R6icr-jIRG6uW_G69KQ9AA",
        "expire_date": "2025-04-26T08:49:29.629Z"
    }
},
{
    "model": "sessions.session",
    "pk": "dqu0l94fes1cmfb49x86mw9zwcza7mwc",
    "fields": {
        "session_data": ".eJxVjMsOwiAQAP-FsyEUFth69N5vIAsLUjWQ9HEy_rtp0oNeZybzFoH2rYZ9zUuYWVyFEZdfFik9czsEP6jdu0y9bcsc5ZHI065y6pxft7P9G1Ra67FFS4OxnophpyNoHErJGDNqxwxpdOCzAlUSwqgUgHeKAW0pziYkLT5f1Do3Vg:1u0yV4:6dYUeJi1qdmyjDRSvoqOicwcMKKftGPv6sbVhhi7DqM",
        "expire_date": "2025-04-19T08:03:34.819Z"
    }
},
{
    "model": "sessions.session",
    "pk": "dsm2w0pbplu2vz6r57gnllfx1qs6twx7",
    "fields": {
        "session_data": ".eJxVjEEOwiAURO_C2hDgFwSX7nsGAv-DVA0kpV0Z764kXegs572ZF_Nh34rfe1r9QuzCJDv9djHgI9UB6B7qrXFsdVuXyIfCD9r53Cg9r4f7d1BCL2OdRZQAxsWQDZLUbrITWnIRQEtKmgIqA9-YSOQEWJXOWmRA4VQCxd4f6KA3nA:1u0sSE:-664AVGvWrQ-H9lQ0OX_HHUbtwL738L1M01FTEgZKyM",
        "expire_date": "2025-04-19T01:36:14.630Z"
    }
},
{
    "model": "sessions.session",
    "pk": "lg8is485oku5m24khrjpehtsresench5",
    "fields": {
        "session_data": ".eJxVjEEOwiAURO_C2hDgFwSX7nsGAv-DVA0kpV0Z764kXegs572ZF_Nh34rfe1r9QuzCJDv9djHgI9UB6B7qrXFsdVuXyIfCD9r53Cg9r4f7d1BCL2OdRZQAxsWQDZLUbrITWnIRQEtKmgIqA9-YSOQEWJXOWmRA4VQCxd4f6KA3nA:1u4sSJ:E71Yam8ZN1zt1W8_65PEA5dFuR0oGWOTeXYVsrG3fuk",
        "expire_date": "2025-04-30T02:24:51.526Z"
    }
},
{
    "model": "social.user",
    "pk": 1,
    "fields": {
        "password": "pbkdf2_sha256$1000000$Z0IleZ9xZbWvFnjP7wYs2c$nqCGoryL6N3+wKqUoS9InGboTJupxgVZDlurbQc3qPo=",
        "last_login": "2025-04-17T14:01:05.104Z",
        "is_superuser": true,
        "username": "adminsocial",
        "first_name": "امین",
        "last_name": "اسکندری",
        "email": "eskandari.a@outlook.com",
        "is_staff": true,
        "is_active": true,
        "date_joined": "2025-04-04T04:32:45Z",
        "date_of_birth": "2025-04-04",
        "bio": "من یک علاقه مند به برنامه نویسی هستم",
        "photo": "account_images/_e5b8894b-7d39-4fd8-ab1f-aad33daecb2b_dtOCSgy.jpeg",
        "job": "برنامه نویس",
        "phone": "09171070235",
        "groups": [],
        "user_permissions": []
    }
},
{
    "model": "social.user",
    "pk": 2,
    "fields": {
        "password": "pbkdf2_sha256$1000000$M4IlfGPJX4WCDwXPXOWurv$psAVVnMAohlfzFrn/Th+2jUL7MKK/VrHWnuDDU/kd8I=",
        "last_login": "2025-04-05T08:01:27.383Z",
        "is_superuser": false,
        "username": "Ali",
        "first_name": "Alireza",
        "last_name": "Ahmadi",
        "email": "ali@a.com",
        "is_staff": false,
        "is_active": true,
        "date_joined": "2025-04-05T08:00:54.131Z",
        "date_of_birth": null,
        "bio": null,
        "photo": "",
        "job": null,
        "phone": "09121000235",
        "groups": [],
        "user_permissions": []
    }
},
{
    "model": "social.user",
    "pk": 3,
    "fields": {
        "password": "pbkdf2_sha256$1000000$BHBGfnJ5RAmuCgPRP3yBB5$Nqn2vG0thRBnglzH+/nOAUG1/Cl53vu+Kwj+6mJSl4E=",
        "last_login": "2025-04-05T08:03:34.810Z",
        "is_superuser": false,
        "username": "Fati",
        "first_name": "Fatemeh",
        "last_name": "Rezazadeh",
        "email": "ali@al.com",
        "is_staff": false,
        "is_active": true,
        "date_joined": "2025-04-05T08:03:26.771Z",
        "date_of_birth": "2025-04-04",
        "bio": "6",
        "photo": "account_images/Untitled.png",
        "job": "برنامه نویس",
        "phone": "09171070234",
        "groups": [],
        "user_permissions": []
    }
},
{
    "model": "social.post",
    "pk": 1,
    "fields": {
        "author": 2,
        "description": "این اولین پست است.",
        "date_posted": "2025-04-10T04:53:54.454Z",
        "date_updated": "2025-04-17T01:47:23.180Z",
        "likes": [
            1,
            2,
            3
        ],
        "saved_by": []
    }
},
{
    "model": "social.post",
    "pk": 2,
    "fields": {
        "author": 3,
        "description": "امروز هوا بارانی است.",
        "date_posted": "2025-04-10T04:54:09.098Z",
        "date_updated": "2025-04-10T04:54:09.098Z",
        "likes": [],
        "saved_by": []
    }
},
{
    "model": "social.post",
    "pk": 3,
    "fields": {
        "author": 1,
        "description": "من از گربه ها متنفرم",
        "date_posted": "2025-04-10T04:54:37.278Z",
        "date_updated": "2025-04-12T08:50:28.379Z",
        "likes": [
            1
        ],
        "saved_by": [
            1
        ]
    }
},
{
    "model": "social.post",
    "pk": 4,
    "fields": {
        "author": 2,
        "description": "من گربه ها را دوست دارم.",
        "date_posted": "2025-04-10T04:54:55.631Z",
        "date_updated": "2025-04-12T08:50:18.833Z",
        "likes": [],
        "saved_by": [
            1
        ]
    }
},
{
    "model": "social.post",
    "pk": 5,
    "fields": {
        "author": 1,
        "description": "من دارم برنامه می نویسم",
        "date_posted": "2025-04-10T06:43:11.808Z",
        "date_updated": "2025-04-10T06:43:11.808Z",
        "likes": [
            1
        ],
        "saved_by": [
            1
        ]
    }
},
{
    "model": "social.post",
    "pk": 6,
    "fields": {
        "author": 1,
        "description": "من دارم Python می نویسم",
        "date_posted": "2025-04-10T06:43:47.088Z",
        "date_updated": "2025-04-12T09:15:53.541Z",
        "likes": [
            1
        ],
        "saved_by": [
            1
        ]
    }
},
{
    "model": "social.post",
    "pk": 7,
    "fields": {
        "author": 3,
        "description": "تست بخش لایک",
        "date_posted": "2025-04-16T02:27:31.722Z",
        "date_updated": "2025-04-18T03:50:48.442Z",
        "likes": [
            2,
            3
        ],
        "saved_by": [
            1,
            2,
            3
        ]
    }
},
{
    "model": "social.contact",
    "pk": 1,
    "fields": {
        "user_from": 1,
        "user_to": 2,
        "created": "2025-04-18T05:48:12.093Z"
    }
},
{
    "model": "admin.logentry",
    "pk": 1,
    "fields": {
        "action_time": "2025-04-04T04:38:29.030Z",
        "user": 1,
        "content_type": 5,
        "object_id": "1",
        "object_repr": "adminsocial",
        "action_flag": 2,
        "change_message": "[{\"changed\": {\"fields\": [\"Username\"]}}]"
    }
},
{
    "model": "admin.logentry",
    "pk": 2,
    "fields": {
        "action_time": "2025-04-04T04:46:29.373Z",
        "user": 1,
        "content_type": 5,
        "object_id": "1",
        "object_repr": "adminsocial",
        "action_flag": 2,
        "change_message": "[{\"changed\": {\"fields\": [\"Date of birth\", \"Bio\", \"Photo\", \"Job\", \"Phone\"]}}]"
    }
},
{
    "model": "admin.logentry",
    "pk": 3,
    "fields": {
        "action_time": "2025-04-08T02:46:13.197Z",
        "user": 1,
        "content_type": 5,
        "object_id": "1",
        "object_repr": "adminsocial",
        "action_flag": 2,
        "change_message": "[{\"changed\": {\"fields\": [\"Email address\"]}}]"
    }
},
{
    "model": "admin.logentry",
    "pk": 4,
    "fields": {
        "action_time": "2025-04-10T04:53:54.456Z",
        "user": 1,
        "content_type": 7,
        "object_id": "1",
        "object_repr": "Alireza Ahmadi",
        "action_flag": 1,
        "change_message": "[{\"added\": {}}]"
    }
},
{
    "model": "admin.logentry",
    "pk": 5,
    "fields": {
        "action_time": "2025-04-10T04:54:09.100Z",
        "user": 1,
        "content_type": 7,
        "object_id": "2",
        "object_repr": "Fatemeh Rezazadeh",
        "action_flag": 1,
        "change_message": "[{\"added\": {}}]"
    }
},
{
    "model": "admin.logentry",
    "pk": 6,
    "fields": {
        "action_time": "2025-04-10T04:54:37.279Z",
        "user": 1,
        "content_type": 7,
        "object_id": "3",
        "object_repr": " ",
        "action_flag": 1,
        "change_message": "[{\"added\": {}}]"
    }
},
{
    "model": "admin.logentry",
    "pk": 7,
    "fields": {
        "action_time": "2025-04-10T04:54:55.633Z",
        "user": 1,
        "content_type": 7,
        "object_id": "4",
        "object_repr": "Alireza Ahmadi",
        "action_flag": 1,
        "change_message": "[{\"added\": {}}]"
    }
},
{
    "model": "admin.logentry",
    "pk": 8,
    "fields": {
        "action_time": "2025-04-10T04:55:16.632Z",
        "user": 1,
        "content_type": 7,
        "object_id": "4",
        "object_repr": "Alireza Ahmadi",
        "action_flag": 2,
        "change_message": "[{\"changed\": {\"fields\": [\"\\u062a\\u0648\\u0636\\u06cc\\u062d\\u0627\\u062a\"]}}]"
    }
},
{
    "model": "admin.logentry",
    "pk": 9,
    "fields": {
        "action_time": "2025-04-10T05:49:14.678Z",
        "user": 1,
        "content_type": 8,
        "object_id": "3",
        "object_repr": "ابر",
        "action_flag": 2,
        "change_message": "[{\"changed\": {\"fields\": [\"Slug\"]}}]"
    }
},
{
    "model": "admin.logentry",
    "pk": 10,
    "fields": {
        "action_time": "2025-04-10T05:49:22.267Z",
        "user": 1,
        "content_type": 8,
        "object_id": "2",
        "object_repr": "باران",
        "action_flag": 2,
        "change_message": "[{\"changed\": {\"fields\": [\"Slug\"]}}]"
    }
},
{
    "model": "admin.logentry",
    "pk": 11,
    "fields": {
        "action_time": "2025-04-10T05:49:32.819Z",
        "user": 1,
        "content_type": 8,
        "object_id": "1",
        "object_repr": "هوا",
        "action_flag": 2,
        "change_message": "[{\"changed\": {\"fields\": [\"Slug\"]}}]"
    }
},
{
    "model": "admin.logentry",
    "pk": 12,
    "fields": {
        "action_time": "2025-04-10T05:50:05.040Z",
        "user": 1,
        "content_type": 7,
        "object_id": "4",
        "object_repr": "Alireza Ahmadi",
        "action_flag": 2,
        "change_message": "[{\"changed\": {\"fields\": [\"Tags\"]}}]"
    }
},
{
    "model": "admin.logentry",
    "pk": 13,
    "fields": {
        "action_time": "2025-04-12T08:49:53.713Z",
        "user": 1,
        "content_type": 7,
        "object_id": "6",
        "object_repr": " ",
        "action_flag": 2,
        "change_message": "[{\"changed\": {\"fields\": [\"Tags\"]}}]"
    }
},
{
    "model": "admin.logentry",
    "pk": 14,
    "fields": {
        "action_time": "2025-04-12T08:50:18.843Z",
        "user": 1,
        "content_type": 7,
        "object_id": "4",
        "object_repr": "Alireza Ahmadi",
        "action_flag": 2,
        "change_message": "[{\"changed\": {\"fields\": [\"Tags\"]}}]"
    }
},
{
    "model": "admin.logentry",
    "pk": 15,
    "fields": {
        "action_time": "2025-04-12T08:50:28.386Z",
        "user": 1,
        "content_type": 7,
        "object_id": "3",
        "object_repr": " ",
        "action_flag": 2,
        "change_message": "[{\"changed\": {\"fields\": [\"Tags\"]}}]"
    }
},
{
    "model": "admin.logentry",
    "pk": 16,
    "fields": {
        "action_time": "2025-04-12T09:15:53.548Z",
        "user": 1,
        "content_type": 7,
        "object_id": "6",
        "object_repr": "من دارم Python می نویسم",
        "action_flag": 2,
        "change_message": "[{\"changed\": {\"fields\": [\"\\u062a\\u0648\\u0636\\u06cc\\u062d\\u0627\\u062a\"]}}]"
    }
},
{
    "model": "admin.logentry",
    "pk": 17,
    "fields": {
        "action_time": "2025-04-16T02:27:31.731Z",
        "user": 1,
        "content_type": 7,
        "object_id": "7",
        "object_repr": "تست بخش لایک",
        "action_flag": 1,
        "change_message": "[{\"added\": {}}]"
    }
},
{
    "model": "admin.logentry",
    "pk": 18,
    "fields": {
        "action_time": "2025-04-17T01:47:23.192Z",
        "user": 1,
        "content_type": 7,
        "object_id": "1",
        "object_repr": "این اولین پست است.",
        "action_flag": 2,
        "change_message": "[{\"changed\": {\"fields\": [\"Tags\", \"Likes\"]}}]"
    }
},
{
    "model": "admin.logentry",
    "pk": 19,
    "fields": {
        "action_time": "2025-04-17T13:59:46.356Z",
        "user": 1,
        "content_type": 7,
        "object_id": "7",
        "object_repr": "تست بخش لایک",
        "action_flag": 2,
        "change_message": "[{\"changed\": {\"fields\": [\"Saved by\"]}}]"
    }
},
{
    "model": "admin.logentry",
    "pk": 20,
    "fields": {
        "action_time": "2025-04-18T03:50:48.449Z",
        "user": 1,
        "content_type": 7,
        "object_id": "7",
        "object_repr": "تست بخش لایک",
        "action_flag": 2,
        "change_message": "[{\"changed\": {\"fields\": [\"Likes\"]}}]"
    }
},
{
    "model": "admin.logentry",
    "pk": 21,
    "fields": {
        "action_time": "2025-04-18T14:29:03.233Z",
        "user": 1,
        "content_type": 5,
        "object_id": "1",
        "object_repr": "adminsocial",
        "action_flag": 2,
        "change_message": "[{\"changed\": {\"fields\": [\"Photo\"]}}]"
    }
},
{
    "model": "taggit.tag",
    "pk": 1,
    "fields": {
        "name": "هوا",
        "slug": "air0"
    }
},
{
    "model": "taggit.tag",
    "pk": 2,
    "fields": {
        "name": "باران",
        "slug": "rain0"
    }
},
{
    "model": "taggit.tag",
    "pk": 3,
    "fields": {
        "name": "ابر",
        "slug": "cloud0"
    }
},
{
    "model": "taggit.tag",
    "pk": 4,
    "fields": {
        "name": "weather",
        "slug": "weather"
    }
},
{
    "model": "taggit.tag",
    "pk": 5,
    "fields": {
        "name": "day",
        "slug": "day"
    }
},
{
    "model": "taggit.tag",
    "pk": 6,
    "fields": {
        "name": "programming",
        "slug": "programming"
    }
},
{
    "model": "taggit.tag",
    "pk": 7,
    "fields": {
        "name": "computer",
        "slug": "computer"
    }
},
{
    "model": "taggit.tag",
    "pk": 8,
    "fields": {
        "name": "cloud",
        "slug": "cloud"
    }
},
{
    "model": "taggit.taggeditem",
    "pk": 1,
    "fields": {
        "tag": 1,
        "content_type": 7,
        "object_id": 2
    }
},
{
    "model": "taggit.taggeditem",
    "pk": 2,
    "fields": {
        "tag": 2,
        "content_type": 7,
        "object_id": 2
    }
},
{
    "model": "taggit.taggeditem",
    "pk": 3,
    "fields": {
        "tag": 3,
        "content_type": 7,
        "object_id": 2
    }
},
{
    "model": "taggit.taggeditem",
    "pk": 4,
    "fields": {
        "tag": 4,
        "content_type": 7,
        "object_id": 2
    }
},
{
    "model": "taggit.taggeditem",
    "pk": 6,
    "fields": {
        "tag": 5,
        "content_type": 7,
        "object_id": 4
    }
},
{
    "model": "taggit.taggeditem",
    "pk": 7,
    "fields": {
        "tag": 5,
        "content_type": 7,
        "object_id": 5
    }
},
{
    "model": "taggit.taggeditem",
    "pk": 8,
    "fields": {
        "tag": 6,
        "content_type": 7,
        "object_id": 5
    }
},
{
    "model": "taggit.taggeditem",
    "pk": 9,
    "fields": {
        "tag": 5,
        "content_type": 7,
        "object_id": 6
    }
},
{
    "model": "taggit.taggeditem",
    "pk": 10,
    "fields": {
        "tag": 6,
        "content_type": 7,
        "object_id": 6
    }
},
{
    "model": "taggit.taggeditem",
    "pk": 11,
    "fields": {
        "tag": 7,
        "content_type": 7,
        "object_id": 6
    }
},
{
    "model": "taggit.taggeditem",
    "pk": 12,
    "fields": {
        "tag": 8,
        "content_type": 7,
        "object_id": 4
    }
},
{
    "model": "taggit.taggeditem",
    "pk": 13,
    "fields": {
        "tag": 7,
        "content_type": 7,
        "object_id": 4
    }
},
{
    "model": "taggit.taggeditem",
    "pk": 14,
    "fields": {
        "tag": 6,
        "content_type": 7,
        "object_id": 4
    }
},
{
    "model": "taggit.taggeditem",
    "pk": 15,
    "fields": {
        "tag": 4,
        "content_type": 7,
        "object_id": 4
    }
},
{
    "model": "taggit.taggeditem",
    "pk": 16,
    "fields": {
        "tag": 7,
        "content_type": 7,
        "object_id": 3
    }
},
{
    "model": "taggit.taggeditem",
    "pk": 17,
    "fields": {
        "tag": 5,
        "content_type": 7,
        "object_id": 3
    }
},
{
    "model": "taggit.taggeditem",
    "pk": 18,
    "fields": {
        "tag": 6,
        "content_type": 7,
        "object_id": 3
    }
},
{
    "model": "taggit.taggeditem",
    "pk": 19,
    "fields": {
        "tag": 5,
        "content_type": 7,
        "object_id": 7
    }
},
{
    "model": "taggit.taggeditem",
    "pk": 20,
    "fields": {
        "tag": 6,
        "content_type": 7,
        "object_id": 7
    }
},
{
    "model": "taggit.taggeditem",
    "pk": 21,
    "fields": {
        "tag": 5,
        "content_type": 7,
        "object_id": 1
    }
},
{
    "model": "taggit.taggeditem",
    "pk": 22,
    "fields": {
        "tag": 6,
        "content_type": 7,
        "object_id": 1
    }
},
{
    "model": "easy_thumbnails.source",
    "pk": 1,
    "fields": {
        "storage_hash": "0d677af76ca5bf5575d614e04932c3a4",
        "name": "account_images/_21d03478-e8ad-4733-aeba-8e3520765b2f.jpeg",
        "modified": "2025-04-18T14:28:43.360Z"
    }
},
{
    "model": "easy_thumbnails.source",
    "pk": 2,
    "fields": {
        "storage_hash": "0d677af76ca5bf5575d614e04932c3a4",
        "name": "account_images/_e5b8894b-7d39-4fd8-ab1f-aad33daecb2b.jpeg",
        "modified": "2025-04-18T14:29:47.020Z"
    }
},
{
    "model": "easy_thumbnails.source",
    "pk": 3,
    "fields": {
        "storage_hash": "0d677af76ca5bf5575d614e04932c3a4",
        "name": "account_images/_e5b8894b-7d39-4fd8-ab1f-aad33daecb2b_dtOCSgy.jpeg",
        "modified": "2025-04-19T05:59:55.838Z"
    }
},
{
    "model": "easy_thumbnails.source",
    "pk": 4,
    "fields": {
        "storage_hash": "0d677af76ca5bf5575d614e04932c3a4",
        "name": "account_images/Untitled.png",
        "modified": "2025-04-19T06:02:37.722Z"
    }
},
{
    "model": "easy_thumbnails.thumbnail",
    "pk": 1,
    "fields": {
        "storage_hash": "0d677af76ca5bf5575d614e04932c3a4",
        "name": "account_images\\_21d03478-e8ad-4733-aeba-8e3520765b2f.jpeg.200x0_q80.jpg",
        "modified": "2025-04-18T14:28:43.365Z",
        "source": 1
    }
},
{
    "model": "easy_thumbnails.thumbnail",
    "pk": 2,
    "fields": {
        "storage_hash": "0d677af76ca5bf5575d614e04932c3a4",
        "name": "account_images\\_e5b8894b-7d39-4fd8-ab1f-aad33daecb2b.jpeg.200x0_q80.jpg",
        "modified": "2025-04-18T14:29:47.028Z",
        "source": 2
    }
},
{
    "model": "easy_thumbnails.thumbnail",
    "pk": 3,
    "fields": {
        "storage_hash": "0d677af76ca5bf5575d614e04932c3a4",
        "name": "account_images\\_e5b8894b-7d39-4fd8-ab1f-aad33daecb2b_dtOCSgy.jpeg.200x0_q80.jpg",
        "modified": "2025-04-18T14:32:09.567Z",
        "source": 3
    }
},
{
    "model": "easy_thumbnails.thumbnail",
    "pk": 4,
    "fields": {
        "storage_hash": "0d677af76ca5bf5575d614e04932c3a4",
        "name": "account_images\\_e5b8894b-7d39-4fd8-ab1f-aad33daecb2b_dtOCSgy.jpeg.200x0_q90.jpg",
        "modified": "2025-04-19T05:29:34.928Z",
        "source": 3
    }
},
{
    "model": "easy_thumbnails.thumbnail",
    "pk": 5,
    "fields": {
        "storage_hash": "0d677af76ca5bf5575d614e04932c3a4",
        "name": "account_images\\Untitled.png.200x0_q90.png",
        "modified": "2025-04-19T05:29:35.141Z",
        "source": 4
    }
},
{
    "model": "easy_thumbnails.thumbnail",
    "pk": 6,
    "fields": {
        "storage_hash": "0d677af76ca5bf5575d614e04932c3a4",
        "name": "account_images\\_e5b8894b-7d39-4fd8-ab1f-aad33daecb2b_dtOCSgy.jpeg.150x0_q90.jpg",
        "modified": "2025-04-19T05:59:55.846Z",
        "source": 3
    }
},
{
    "model": "easy_thumbnails.thumbnail",
    "pk": 7,
    "fields": {
        "storage_hash": "0d677af76ca5bf5575d614e04932c3a4",
        "name": "account_images\\Untitled.png.150x0_q90.png",
        "modified": "2025-04-19T06:02:37.732Z",
        "source": 4
    }
}
]
